{"loss": [0.6927102208137512, 0.6924423575401306, 0.6924708485603333, 0.6925157308578491, 0.6923720240592957, 0.6923695802688599, 0.6923931241035461, 0.6923450827598572, 0.6923874616622925, 0.6923608183860779, 0.692375659942627, 0.6923578977584839, 0.6923255324363708, 0.6923297047615051, 0.6925784349441528, 0.6926954388618469, 0.6922156810760498, 0.6927282810211182, 0.6925732493400574, 0.6921265125274658], "binary_accuracy": [0.787750780582428, 0.6750264167785645, 0.5253431797027588, 0.4350580871105194, 0.2692713737487793, 0.5105596780776978, 0.32022175192832947, 0.29857444763183594, 0.30596619844436646, 0.16235481202602386, 0.24049630761146545, 0.34688490629196167, 0.8627243638038635, 0.8627243638038635, 0.8627243638038635, 0.6774023175239563, 0.1380675882101059, 0.5153115391731262, 0.5237592458724976, 0.48996832966804504], "val_loss": [0.6821668148040771, 0.6920166015625, 0.6895532608032227, 0.6948308944702148, 0.693239688873291, 0.6938351988792419, 0.6927223205566406, 0.6939366459846497, 0.6928369402885437, 0.6940065026283264, 0.694236695766449, 0.6923999786376953, 0.6921430826187134, 0.6908543705940247, 0.6915979981422424, 0.6939953565597534, 0.6943489909172058, 0.6749508380889893, 0.6943393349647522, 0.6922724843025208], "val_binary_accuracy": [0.8614531755447388, 0.8614531755447388, 0.8614531755447388, 0.1391625553369522, 0.1391625553369522, 0.1391625553369522, 0.8614531755447388, 0.1391625553369522, 0.8614531755447388, 0.1391625553369522, 0.1391625553369522, 0.8614531755447388, 0.8614531755447388, 0.8614531755447388, 0.8614531755447388, 0.1391625553369522, 0.1391625553369522, 0.8614531755447388, 0.1391625553369522, 0.8614531755447388]}