{"loss": [0.6076436638832092, 0.20462831854820251, 0.20102602243423462, 0.2437218278646469, 0.21374300122261047, 0.450937956571579, 0.5528444051742554, 0.4865621328353882, 0.45020467042922974, 0.36892470717430115, 0.3596419095993042, 0.38109299540519714, 0.3851868510246277, 0.38426506519317627, 0.3921843469142914, 0.4042667746543884, 0.41103121638298035, 0.42137157917022705, 0.45321205258369446, 0.49355313181877136, 0.5178327560424805, 0.5828719735145569, 0.4039436876773834, 0.2555936574935913, 0.594371497631073, 0.41612714529037476, 0.268302321434021, 0.2468138486146927, 0.19743375480175018, 0.17852474749088287, 0.15610577166080475, 0.15268665552139282, 0.15483039617538452, 0.14668196439743042, 0.1397937387228012, 0.13948966562747955, 0.1375652551651001, 0.13702480494976044, 0.13680844008922577, 0.13650822639465332, 0.13759954273700714, 0.13576914370059967, 0.1334780752658844, 0.13294170796871185, 0.1334753930568695, 0.1326744258403778, 0.13670440018177032, 0.13435350358486176, 0.1282350718975067, 0.1273823231458664, 0.12777143716812134, 0.1266164928674698, 0.12707455456256866, 0.12851038575172424, 0.12706167995929718, 0.12574590742588043, 0.11890081316232681, 0.11855719983577728, 0.1213674545288086, 0.1201740950345993, 0.12015343457460403, 0.12093697488307953, 0.12686340510845184, 0.12279385328292847, 0.11873915791511536, 0.11667072772979736, 0.11611592024564743, 0.1121598333120346, 0.1059081107378006, 0.10420644283294678, 0.1038626953959465, 0.1041327714920044, 0.10418559610843658, 0.10369843989610672, 0.10372534394264221, 0.10413077473640442, 0.10339953005313873, 0.1037004292011261, 0.10380922257900238, 0.10426057130098343, 0.10352710634469986, 0.10366813838481903, 0.10367489606142044, 0.10364125669002533, 0.10368963330984116, 0.10368069261312485, 0.10360441356897354, 0.1035216748714447, 0.1042218804359436, 0.103848896920681, 0.10489055514335632, 0.10360314697027206, 0.10362455248832703, 0.10371414572000504, 0.10410279035568237, 0.10371646285057068, 0.10376174747943878, 0.10376444458961487, 0.10392668098211288, 0.10432061553001404], "binary_accuracy": [0.8616684079170227, 0.9736008644104004, 0.9643611311912537, 0.9722808599472046, 0.9738648533821106, 0.7032734751701355, 0.5324709415435791, 0.6496832370758057, 0.7180570363998413, 0.922914445400238, 0.9538014531135559, 0.9522175192832947, 0.9511615633964539, 0.9514255523681641, 0.9498416185379028, 0.9477296471595764, 0.9464097023010254, 0.9442977905273438, 0.9371700286865234, 0.9271383285522461, 0.9205385446548462, 0.9015311598777771, 0.974392831325531, 0.9741288423538208, 0.529831051826477, 0.6090285181999207, 0.950105607509613, 0.9617212414741516, 0.971488893032074, 0.9780886769294739, 0.9815205931663513, 0.9823125600814819, 0.9833685159683228, 0.9862724542617798, 0.9870644211769104, 0.9870644211769104, 0.9875923991203308, 0.987856388092041, 0.987856388092041, 0.987856388092041, 0.9875923991203308, 0.9886483550071716, 0.9889123439788818, 0.9889123439788818, 0.9886483550071716, 0.9889123439788818, 0.9883843660354614, 0.9889123439788818, 0.9894403219223022, 0.9897043108940125, 0.9897043108940125, 0.9899682998657227, 0.9899682998657227, 0.9897043108940125, 0.9899682998657227, 0.9902322888374329, 0.9904962778091431, 0.9907602667808533, 0.9904962778091431, 0.9910243153572083, 0.9910243153572083, 0.9904962778091431, 0.98653644323349, 0.9899682998657227, 0.9899682998657227, 0.9894403219223022, 0.9915522933006287, 0.9920802712440491, 0.9918162822723389, 0.9926082491874695, 0.9928722381591797, 0.9928722381591797, 0.9928722381591797, 0.9928722381591797, 0.9928722381591797, 0.9928722381591797, 0.9928722381591797, 0.9928722381591797, 0.9928722381591797, 0.9928722381591797, 0.9928722381591797, 0.9928722381591797, 0.9928722381591797, 0.9928722381591797, 0.9928722381591797, 0.9928722381591797, 0.9928722381591797, 0.9928722381591797, 0.9928722381591797, 0.9928722381591797, 0.9928722381591797, 0.9928722381591797, 0.9928722381591797, 0.9928722381591797, 0.9926082491874695, 0.9928722381591797, 0.9928722381591797, 0.9928722381591797, 0.9928722381591797, 0.9928722381591797], "val_loss": [0.25511467456817627, 0.19854536652565002, 0.15032750368118286, 0.2737606167793274, 0.17564217746257782, 0.60359126329422, 0.5747023820877075, 0.5229123830795288, 0.43221786618232727, 0.28365352749824524, 0.3537534177303314, 0.33470413088798523, 0.3420816659927368, 0.33458173274993896, 0.3495933413505554, 0.36384817957878113, 0.35906440019607544, 0.39235472679138184, 0.4360255300998688, 0.430347204208374, 0.47405415773391724, 0.6217142939567566, 0.23518870770931244, 0.19697389006614685, 0.7008968591690063, 0.31951573491096497, 0.27317535877227783, 0.2001398205757141, 0.159262552857399, 0.17206834256649017, 0.16643136739730835, 0.16077588498592377, 0.21773980557918549, 0.20099325478076935, 0.18379950523376465, 0.17998425662517548, 0.20065344870090485, 0.1975529044866562, 0.19928686320781708, 0.1817423403263092, 0.14606674015522003, 0.17349687218666077, 0.16938620805740356, 0.16016489267349243, 0.14673687517642975, 0.150114968419075, 0.15506497025489807, 0.16133025288581848, 0.15167459845542908, 0.14320828020572662, 0.14856386184692383, 0.14702919125556946, 0.1462380290031433, 0.14823757112026215, 0.13467620313167572, 0.14475615322589874, 0.1469382643699646, 0.14748874306678772, 0.1485537439584732, 0.15271303057670593, 0.1538788080215454, 0.18378698825836182, 0.15599651634693146, 0.15737013518810272, 0.185867041349411, 0.17699357867240906, 0.16831374168395996, 0.18166732788085938, 0.14048205316066742, 0.16962596774101257, 0.1723664402961731, 0.17361600697040558, 0.17465804517269135, 0.17546983063220978, 0.17621757090091705, 0.17810216546058655, 0.17706766724586487, 0.1789262741804123, 0.181682288646698, 0.18374286592006683, 0.1810988038778305, 0.18060113489627838, 0.18609768152236938, 0.18544045090675354, 0.18630343675613403, 0.19026075303554535, 0.1899493783712387, 0.1898617297410965, 0.18569855391979218, 0.18841473758220673, 0.1940675526857376, 0.19276069104671478, 0.19375833868980408, 0.19499748945236206, 0.1775943636894226, 0.17141608893871307, 0.1782224327325821, 0.17426110804080963, 0.17391152679920197, 0.1750074177980423],