{"loss": [0.6930292844772339, 0.6927357316017151, 0.6927698850631714, 0.6897671222686768, 0.2660548686981201, 0.18579256534576416, 0.1569393426179886, 0.16649101674556732, 0.15851911902427673, 0.1487610936164856, 0.14630913734436035, 0.16563178598880768, 0.1401505172252655, 0.22272123396396637, 0.4529448449611664, 0.43642935156822205, 0.4295450747013092, 0.421624094247818, 0.41649460792541504, 0.40876245498657227, 0.3932451903820038, 0.38870441913604736, 0.3847395181655884, 0.3878525495529175, 0.3775220811367035, 0.37086713314056396, 0.3703637421131134, 0.36822274327278137, 0.36031419038772583, 0.3597891330718994, 0.35976672172546387, 0.35845211148262024, 0.358669638633728, 0.36318179965019226, 0.3584532141685486, 0.36016979813575745, 0.35196906328201294, 0.36540746688842773, 0.4024634063243866, 0.23543769121170044, 0.1418827921152115, 0.15391017496585846, 0.17844641208648682, 0.14261002838611603, 0.13910488784313202, 0.12872739136219025, 0.12658002972602844, 0.12625600397586823, 0.12233021855354309, 0.12290659546852112, 0.12282120436429977, 0.12277957051992416, 0.12400489300489426, 0.12257890403270721, 0.12180891633033752, 0.12391015887260437, 0.12449955195188522, 0.12632951140403748, 0.12848825752735138, 0.129515141248703, 0.1269247680902481, 0.12706854939460754, 0.12906423211097717, 0.12884895503520966, 0.1286764144897461, 0.12663483619689941, 0.1269529014825821, 0.12629450857639313, 0.12572702765464783, 0.12669683992862701, 0.1258706897497177, 0.12628701329231262, 0.1290915459394455, 0.1286872774362564, 0.13897950947284698, 0.13176275789737701, 0.13121098279953003, 0.13043007254600525, 0.12975525856018066, 0.13116131722927094, 0.12933672964572906, 0.12952573597431183, 0.1296580284833908, 0.13104760646820068, 0.12983939051628113, 0.12679371237754822, 0.12719318270683289, 0.1266452819108963, 0.1268322616815567, 0.12760892510414124, 0.1270187944173813, 0.1280108094215393, 0.12469641864299774, 0.1240679919719696, 0.12402146309614182, 0.12549862265586853, 0.12455285340547562, 0.12405798584222794, 0.1242842972278595, 0.12381023913621902], "binary_accuracy": [0.21330517530441284, 0.7832629084587097, 0.37645193934440613, 0.8157339096069336, 0.9569693803787231, 0.9741288423538208, 0.9802006483078003, 0.970168948173523, 0.9704329371452332, 0.9717528820037842, 0.9794086813926697, 0.9569693803787231, 0.9696409702301025, 0.8994192481040955, 0.644667387008667, 0.6668426394462585, 0.6763463616371155, 0.6813622117042542, 0.6887539625167847, 0.6990496516227722, 0.713569164276123, 0.7193769812583923, 0.7286166548728943, 0.7349525094032288, 0.747360110282898, 0.7505279779434204, 0.7505279779434204, 0.752639889717102, 0.7531679272651672, 0.7536959052085876, 0.7539598941802979, 0.7552798390388489, 0.7552798390388489, 0.7544878721237183, 0.7552798390388489, 0.7573917508125305, 0.7758711576461792, 0.7439281940460205, 0.6615628004074097, 0.866156280040741, 0.963569164276123, 0.9654170870780945, 0.963569164276123, 0.9638331532478333, 0.9656810760498047, 0.9741288423538208, 0.9802006483078003, 0.9857444763183594, 0.9889123439788818, 0.9899682998657227, 0.9881203770637512, 0.9875923991203308, 0.9886483550071716, 0.9899682998657227, 0.9904962778091431, 0.9902322888374329, 0.9886483550071716, 0.9881203770637512, 0.9886483550071716, 0.9883843660354614, 0.9899682998657227, 0.9894403219223022, 0.9899682998657227, 0.9897043108940125, 0.9899682998657227, 0.9897043108940125, 0.9897043108940125, 0.9897043108940125, 0.989176332950592, 0.9902322888374329, 0.9899682998657227, 0.9899682998657227, 0.9897043108940125, 0.9899682998657227, 0.9868004322052002, 0.9897043108940125, 0.9899682998657227, 0.9902322888374329, 0.9902322888374329, 0.9902322888374329, 0.9902322888374329, 0.9902322888374329, 0.9902322888374329, 0.9902322888374329, 0.9902322888374329, 0.9904962778091431, 0.9904962778091431, 0.9904962778091431, 0.9904962778091431, 0.9904962778091431, 0.9904962778091431, 0.9904962778091431, 0.9907602667808533, 0.9907602667808533, 0.9907602667808533, 0.9907602667808533, 0.9902322888374329, 0.9907602667808533, 0.9907602667808533, 0.9907602667808533], "val_loss": [0.687511146068573, 0.6935547590255737, 0.6907490491867065, 0.6658793687820435, 0.1807458996772766, 0.14275336265563965, 0.1870386302471161, 0.18472068011760712, 0.18219535052776337, 0.15828590095043182, 0.161366805434227, 0.17192336916923523, 0.16918551921844482, 0.4585699439048767, 0.47145867347717285, 0.4886128008365631, 0.48642975091934204, 0.4672006070613861, 0.47676825523376465, 0.45907899737358093, 0.44222190976142883, 0.4464576542377472, 0.42916393280029297, 0.44977492094039917, 0.43829959630966187, 0.4251663386821747, 0.4289291501045227, 0.429114431142807, 0.4293380081653595, 0.4195192754268646, 0.42373770475387573, 0.43458759784698486, 0.4365997016429901, 0.4442518651485443, 0.44509392976760864, 0.350509375333786, 0.4032477140426636, 0.4661380648612976, 0.39410486817359924, 0.18610678613185883, 0.1575886458158493, 0.2196112424135208, 0.21094486117362976, 0.18300434947013855, 0.18741361796855927, 0.1892222911119461, 0.1846287101507187, 0.1912437379360199, 0.18552017211914062, 0.19465798139572144, 0.18454857170581818, 0.16513322293758392, 0.2373887449502945, 0.26083695888519287, 0.191811665892601, 0.21923570334911346, 0.2593328654766083, 0.20366300642490387, 0.19864968955516815, 0.23419241607189178, 0.26830628514289856, 0.24159540235996246, 0.26352420449256897, 0.23334041237831116, 0.27626270055770874, 0.27389949560165405, 0.2686951756477356, 0.28161177039146423, 0.26751869916915894, 0.283701628446579, 0.2577701508998871, 0.26230570673942566, 0.31212151050567627, 0.25611090660095215, 0.23956379294395447, 0.2504633665084839, 0.2395007163286209, 0.25169837474823, 0.25405463576316833, 0.24859564006328583, 0.24948269128799438, 0.24252158403396606, 0.23616065084934235, 0.24389000236988068, 0.23357945680618286, 0.23271127045154572, 0.25044065713882446, 0.24305357038974762, 0.25442108511924744, 0.2615490257740021, 0.24840007722377777, 0.2370203286409378, 0.25044238567352295, 0.25972238183021545, 0.24322158098220825, 0.2873188555240631, 0.21590718626976013, 0.2644745111465454, 0.2512702941894531, 0.24775812029838562],