{"loss": [0.4362655580043793, 0.20556113123893738, 0.1344500482082367, 0.12323149293661118, 0.1132088229060173, 0.10623648762702942, 0.06926928460597992, 0.055013734847307205, 0.07594703137874603, 0.05230327323079109, 0.05718139186501503, 0.14004634320735931, 0.07705474644899368, 0.047781191766262054, 0.042888522148132324, 0.03365661948919296, 0.09392289817333221, 0.03989383578300476, 0.032194193452596664, 0.02255929820239544], "binary_accuracy": [0.8503167629241943, 0.9535374641418457, 0.9704329371452332, 0.9746568202972412, 0.9823125600814819, 0.9582893252372742, 0.9783526659011841, 0.9886483550071716, 0.975712776184082, 0.9870644211769104, 0.9807286262512207, 0.9564414024353027, 0.9812566041946411, 0.9820485711097717, 0.9862724542617798, 0.9883843660354614, 0.9572333693504333, 0.9846884608268738, 0.9907602667808533, 0.9939281940460205], "val_loss": [0.24192625284194946, 0.21504192054271698, 0.148206889629364, 0.17368948459625244, 0.09103517234325409, 0.28146669268608093, 0.12901195883750916, 0.10877810418605804, 0.10888250917196274, 0.12837229669094086, 0.16010524332523346, 0.20884039998054504, 0.16592873632907867, 0.14878007769584656, 0.14573480188846588, 0.1865406483411789, 0.15079385042190552, 0.13801726698875427, 0.13162273168563843, 0.21814855933189392], "val_binary_accuracy": [0.9519704580307007, 0.950123131275177, 0.9624384045600891, 0.9495074152946472, 0.9778324961662292, 0.9291871786117554, 0.9667487740516663, 0.9722906351089478, 0.9698275923728943, 0.9636699557304382, 0.9568965435028076, 0.9519704580307007, 0.9556650519371033, 0.9568965435028076, 0.9599753618240356, 0.9445812702178955, 0.942118227481842, 0.9642857313156128, 0.9667487740516663, 0.9562807679176331]}